# alpha(Grad),	beta(Grad),	Phi(Grad),	Sin(alpha)
10,	    48,	    -38,	0.17365
20,	    73,	    -53,	0.34202
30,	    99,	    -69,	0.50000
40,	    127,	-87,	0.64279
50,	    151,	-101,	0.76604
60,	    174,	-114,	0.86603
70,	    190,	-120,	0.93969
80,	    202,	-122,	0.98481
90,	    214,	-124,	1.00000
