# l/cm, U/V, dU/V (0.9% + 4D)
10, 0.61, 0.00649
15, 0.90, 0.00914
25, 1.52, 0.01428
30, 1.84, 0.01706
40, 2.46, 0.02220