# f_res,f_lower,f_upper,bandwidth, G_res
5.406389476411291253e+04,5.078633333799410320e+04,5.754967518214138545e+04,6.763341844147282245e+03,-6.719006648309657770e+00
