# f_res,f_lower,f_upper,bandwidth
5.407210755959555536e+04,5.078631260521382501e+04,5.754970050709126372e+04,6.763387901877438708e+03
5.407210755959555536e+04,5.078631260521382501e+04,5.754970050709126372e+04,6.763387901877438708e+03