# f_res,f_lower,f_upper,bandwidth
5.041621722221560776e+04,4.737973185795854806e+04,5.366864025458943070e+04,6.288908396630882635e+03
